samples,fin_data,OnST,OnST-H
20,0.282486053352342,0.0520070408538885,0.0526711483131979
21,0.305023542631516,0.047655341300325,0.0472721668277306
22,0.332967241082952,0.0458622122501055,0.0443664697186925
23,0.352364203748094,0.0472743086217199,0.0446425618690304
24,0.447251241017884,0.0519271318375325,0.0483084394034592
25,0.448970649627664,0.0590227135667005,0.0548400318814539
26,0.50743289715547,0.0690594518043959,0.0651696018232005
27,0.506182630292257,0.0740633270182232,0.0742886658657808
28,0.519681656663469,0.0836793767613012,0.0843004304582126
29,0.633790613899282,0.0988191476898551,0.0997215577524957
30,0.594822990245513,0.118706314085559,0.119776761991388
31,0.666707526117073,0.135483845848432,0.136625570298441
32,0.66956802909031,0.130263489028409,0.131170916597522
33,0.820898238303444,0.11527890500205,0.117746899585727
34,0.955484073084572,0.0925720704613412,0.0956254088621537
35,1.11252651922039,0.0855700537156921,0.0906371640651487
36,1.1358251975598,0.0501873182484028,0.0551914004781855
37,1.10683017777886,0.023992626493893,0.0261347308909233
38,0.98058893781187,0.0282206879480841,0.0307826897984368
39,0.89624608450913,0.0281548794969547,0.031282731421432
40,0.895558341733927,0.0242903080419926,0.0276125037546576
41,0.931238906894761,0.0207253664091877,0.0240342918635548
42,1.02986308754827,0.017756148723658,0.0207988159558929
43,0.764614602302484,0.0168051185754828,0.0197592573105652
44,0.796270572458827,0.0148901554843752,0.0169232930807659
45,0.851207661814792,0.0143516410897694,0.015725534529201
46,0.839186853163091,0.0142883094359775,0.0154335351999361
47,0.813469202571486,0.0141537992761751,0.0151506617529509
48,0.800571661367267,0.0140865553030629,0.0148593107759119
49,0.749025704240006,0.0140196796524673,0.0145909797160145
50,0.701362370122441,0.0136675235787112,0.0141315657893543
51,0.696681214607976,0.0131947275826156,0.0135713626572364
52,0.705173513484819,0.0120708552339523,0.0124935859216346
53,0.630898169862999,0.0108040621211222,0.0112932291213732
54,0.663280978844102,0.00952433786326892,0.00996104889880788
55,0.608432090180327,0.00833731606268479,0.00873490420389955
56,0.477140942481864,0.00734012712189444,0.00765899075011338
57,0.305684403673534,0.00642871167979266,0.00661963054259821
58,0.364253671384035,0.00566867840086194,0.00569974338509231
59,0.338060090012275,0.00493143623651245,0.00482000667759124
60,0.27371123398089,0.00433409823368193,0.00407433247983276
61,0.283192439661216,0.00381323118230569,0.00343111257908161
62,0.344465052759924,0.00336163887961009,0.00291992800707784
63,0.337641445032202,0.00299993996445865,0.00255207495455547
64,0.403184881753079,0.00273394183358377,0.00228760679853119
65,0.413643675655122,0.00251229758153342,0.0020889009913888
66,0.392456852633885,0.00230712050343715,0.00187618557018543
67,0.378149027473025,0.00213070315793798,0.00168585365596204
68,0.352910639816333,0.00198302673290022,0.00150983943270111
69,0.341424961727593,0.00186331067822457,0.00134846111469697
70,0.398500260645466,0.00178703344449353,0.00124537144436968
71,0.438784118543932,0.00172415940513011,0.00119008146259576
72,0.402062474460953,0.00167874229744642,0.00115043088116372
73,0.359135668374413,0.0016375487026947,0.00111197553909735
74,0.358703075416194,0.00161033079605972,0.00107429025532625
75,0.344379836816463,0.00158127159031659,0.00103980472808625
76,0.372611817497734,0.00156038829480685,0.00101753188277991
77,0.366549452944396,0.00153903864339816,0.0010030141110963
78,0.344607708862174,0.00152903296639306,0.00100438331557486
79,0.334429192535183,0.00153146670725873,0.00101640490739878
80,0.374304676552076,0.0015371299989424,0.00102734689249197
81,0.373301700489913,0.00152599270057486,0.00104914079278963
82,0.366596049534405,0.00151512190076115,0.00106430939483969
83,0.316824103486298,0.00149787191529257,0.00106796254517641
84,0.3122417069362,0.00148891598169427,0.00106959227304047
85,0.324252780682434,0.00147365724829346,0.00107224602391591
86,0.303753105832289,0.00145857776674415,0.00108017218898758
87,0.327184456287395,0.00143608666381275,0.0010784243231356
88,0.340390785797749,0.00141557273817475,0.00108400152258818
89,0.264697197127469,0.00138724123225117,0.00110432770123783
90,0.237844754041872,0.00135728299288715,0.00111076728482933
91,0.269598023051762,0.00132537404041984,0.00110286221591469
92,0.237494769958943,0.00131442611690984,0.0011054601847519
93,0.210487524874476,0.0013099780458915,0.00110969644065917
94,0.244567184314219,0.00130125961981863,0.00110874094057761
95,0.244481883853831,0.001308589256566,0.00111391491122165
96,0.234727632333517,0.00130360868827073,0.00112917266955699
97,0.270414455625337,0.00130438320596916,0.00113923042714356
98,0.223907537856275,0.00131274893435193,0.00115898047883914
99,0.234933386795595,0.00131866222704836,0.00116597528552057
100,0.255743301571478,0.00132355005721419,0.0011907534985433
101,0.248014480758786,0.00132099782848655,0.00124029251652996
102,0.293574549241417,0.00131604230151988,0.00130978665924211
103,0.295794952099376,0.00131077922535807,0.00138465209951721
104,0.331979051434439,0.00131768902754352,0.00147176953898399
105,0.338822356862819,0.0013275261738311,0.00156705119075047
106,0.405556644662093,0.00134563492818174,0.00166217523682037
107,0.415503101632711,0.00136231811568512,0.00175724124134292
108,0.43950159767434,0.00137885459940417,0.00185583442355371
109,0.427613724505407,0.0013847849407172,0.00194080429559841
110,0.426092994683268,0.00138634027304383,0.00201145930646993
111,0.391331998834891,0.00137606252251737,0.00206904623344773
112,0.389245212021983,0.00137567080599185,0.00210826404985768
113,0.373293992964377,0.00138339496051469,0.00218400512313059
114,0.378344415982752,0.00137886234404275,0.00223451060174937
115,0.386489117142795,0.0013689350710962,0.00228148056012386
116,0.385723588625329,0.00136052653473122,0.00233966944280984
117,0.400013951107632,0.00135597410883128,0.00241380908462729
118,0.361094049640028,0.00136288093004052,0.00249689555414326
119,0.368673052386362,0.00136699834295565,0.00255308641272774
120,0.377397538835584,0.00138360809498852,0.00262935482328313
121,0.366442958472832,0.00141957677063349,0.00274147237427243
122,0.374884446697333,0.00146260790629634,0.00285050206219003
123,0.393727537331211,0.00150643093523371,0.00294141243179212
124,0.400308088565699,0.00155418922317567,0.00305196807136569
125,0.415918908223011,0.00159465934914414,0.00313419715610535
126,0.407826337222633,0.00163447841997685,0.00321108726422881
127,0.388869188044123,0.00168103761143173,0.00328869174377859
128,0.388087851712198,0.00171203067592393,0.0033424169132946
129,0.351033458404263,0.00175241984210836,0.00340533323846915
130,0.344816557402153,0.00177958050020906,0.00344027226390536
131,0.315659245363725,0.00179000217871696,0.00345136560749701
132,0.27750505637168,0.0017592133944046,0.00339032590848663
133,0.325251901118107,0.00173195221070681,0.00334548714794289
134,0.314583266314564,0.00175003322488434,0.00338271000685478
135,0.32882314080215,0.0017690499898768,0.00342729258696093
136,0.350348211948021,0.00179965609541207,0.00348941871995615
137,0.33600222936174,0.00182244265184167,0.00353278139797781
138,0.347986901243975,0.00183946320343603,0.00357555202888989
139,0.365516135887715,0.00186108738156204,0.00362303557484185
140,0.360930099183619,0.00191458264060263,0.00372303878486519
141,0.363141146936462,0.00196421262820088,0.0038137967752151
142,0.324617418739654,0.00202576948668382,0.00390799878360549
143,0.314230499365519,0.00206234194567241,0.00395934459064908
144,0.331856077559223,0.00209893840831428,0.00401082668769205
145,0.279713348417632,0.00212936527814375,0.00406021671369083
146,0.297027688807676,0.00211973471888618,0.00405425231777918
147,0.288706478037804,0.00213385791541218,0.00408517067222645
148,0.290907163388681,0.0021518503694196,0.00412048131301213
149,0.259767335971065,0.00217839269603212,0.00416042686895635
150,0.28487326436556,0.00218211283522401,0.00416729336094265
151,0.206494292033875,0.00223164428603073,0.00422916549003536
152,0.205016379912266,0.00226233811641235,0.00427587359728614
153,0.207374011943687,0.00227293146830083,0.00431426317978045
154,0.195115247890897,0.00228395289256791,0.00437521577688893
155,0.210919296000745,0.002301963039235,0.00444742637294183
156,0.21186232531046,0.00232315960568305,0.00452185095661514
157,0.211812518021042,0.0023447794099768,0.00459921699124387
158,0.217666812604606,0.00237081119728164,0.00468307567752611
159,0.271463314067721,0.00240367196272336,0.0047779572794282
160,0.268189920717603,0.00244526855264926,0.00487784615631244
161,0.188161100085889,0.00249684894726072,0.00499467749377842
162,0.209948263036405,0.002534288042954,0.00509918930230143
163,0.22723316930351,0.00258179562141611,0.0052163723578524
164,0.220430459037909,0.00263779261565765,0.00534650486925965
165,0.232857875387564,0.00268974661759045,0.00547821925179778
166,0.272343624294342,0.00273390220031421,0.00559729068564347
167,0.273872252980737,0.00277158104557272,0.00569849892734938
168,0.25684071447067,0.00281255693676339,0.00580607318493456
169,0.255627440891009,0.00286050759651579,0.00592318246604494
170,0.278995160167636,0.00291053579412916,0.00604187589428703
171,0.297052354105992,0.00297674953476686,0.00618594929601524
172,0.310214063341499,0.00304718421363739,0.00633247091850359
173,0.310221626005587,0.00309997354808079,0.00643971763011225
174,0.316167546597028,0.0031575650814454,0.0065545326137229
175,0.317321466954117,0.00321559271225717,0.00665819016996467
176,0.292525964808954,0.0032826062863511,0.00677251412556823
177,0.273881015533188,0.00335203104326414,0.00689383517016712
178,0.289823000291982,0.00341859135068941,0.00701305283698812
179,0.309622403742423,0.00349106191034179,0.00713295772144284
180,0.302067780758981,0.00358345761231206,0.00726980823860102
181,0.278313788962615,0.00367291004840615,0.00738016388012054
182,0.246042463124584,0.00377245062350139,0.00751250505020985
183,0.204252873030671,0.00388227830987766,0.00766127229196917
184,0.212121154471907,0.00399151466859144,0.0078022427949742
185,0.172551009613546,0.00412077493609962,0.00796100737368212
186,0.200243377018285,0.00423913461789609,0.00810856549624748
187,0.218429343724555,0.00437688785420088,0.00827312913622874
188,0.259111787509019,0.00453028954614779,0.00846620021388015
189,0.291207125330041,0.00468234345235298,0.00864016353518902
190,0.293547719896966,0.00483264867853126,0.00878387441657704
191,0.28965527321265,0.0050049655310123,0.00895364936109252
192,0.308022802133534,0.00517933535345521,0.00912667978604917
193,0.334686186793024,0.00536644456488112,0.0093137912337378
194,0.345199060952654,0.0055621978826774,0.00950932711079299
195,0.353498736401841,0.00574375526799443,0.00968494854163211
196,0.333823433666699,0.00593384157417134,0.00987071019893811
197,0.313023917042676,0.0061194337393434,0.0100533161964397
198,0.32321817089115,0.00629439772734272,0.0102271590134093
199,0.291836303227662,0.00647609989860846,0.0104099767505125
200,0.244660745386051,0.00666798164614778,0.0106013260146419
201,0.246530537005985,0.00685730700845748,0.0107987893243847
202,0.253661763142792,0.00706299303715309,0.0110185799674967
203,0.283084303250406,0.00728134805792074,0.0112505278298507
204,0.279949199127341,0.0075221888137558,0.0114968008020376
205,0.294678699070757,0.00778897515087853,0.0117775012125277
206,0.313361964800469,0.00806931306272555,0.0120827089073191
207,0.321334252759792,0.00835485558618533,0.0123884425348469
208,0.353638100869425,0.00864624666199206,0.0127000261696681
209,0.373714370800849,0.00894816373774132,0.0130226022250606
210,0.408595095508678,0.00924673875642553,0.0133394638486006
211,0.4712291033944,0.00953333236141491,0.0136538729551759
212,0.443022477825317,0.00978418109863929,0.0139337072045511
213,0.449453109434424,0.0100128368126377,0.0142043870013309
214,0.444940131008962,0.0102447190677861,0.0144995493590208
215,0.463517058248143,0.0104436504438097,0.0147621104644726
216,0.456030514671678,0.0106325479225667,0.0150219419018673
217,0.452992630261019,0.0107993109573942,0.0152661581568957
218,0.412766850909598,0.0109811774933068,0.015568869437919
219,0.420184866729323,0.0111400156944806,0.0158649459941746
220,0.397495319895235,0.0113051068217104,0.0161745490323791
221,0.368336263792907,0.0114651137684339,0.0164898069737892
222,0.337476925075525,0.0116224524573001,0.0168080895557988
223,0.246807722234357,0.0117974466052068,0.0171695236480757
224,0.182139001752682,0.0119369377497136,0.0175119088436589
225,0.200723669534834,0.0120604100779973,0.0178664346115591
226,0.204720170405208,0.0122062717070982,0.0182773803329651
227,0.249449407826928,0.0123459143582614,0.0187009634239999
228,0.26576700812327,0.0124915681981496,0.019135373116857
229,0.237978398482553,0.0126320034648379,0.0195875082076223
230,0.24060304103808,0.0127698335182777,0.0200887887370954
231,0.230732326625832,0.0129055070451465,0.0206161731666184
232,0.179735347723179,0.0130275338650217,0.0211497847271576
233,0.0816256584554405,0.0131211888055241,0.0216633238284385
234,0.15197052050721,0.0132094215045486,0.0222234005582858
235,0.143594531059598,0.0133194003471725,0.022818265036919
236,0.122956957474678,0.0134310274802562,0.0234287736927512
237,0.18317496986434,0.0135456766854541,0.0240671945470945
238,0.215136756594324,0.0136836462143139,0.0247523309171101
239,0.254854895708172,0.0138307487190927,0.0254401553897182
240,0.262282401323759,0.0139708965075146,0.0261233630044476
241,0.304431143242885,0.0140933841315983,0.0268190237075126
242,0.308986576220806,0.0141920307449187,0.0275440657566742
243,0.360001076222614,0.0142331883424983,0.0282593169734322
244,0.306095618908531,0.0142309081447482,0.028948564041735
245,0.302180760909719,0.0141733270641371,0.0296158111742646
246,0.278963598148992,0.0141010098436167,0.0303130901156049
247,0.263738424963802,0.0139992794661627,0.0310017789193733
248,0.25173118340462,0.0138806111018081,0.0316887206616497
249,0.265947205738942,0.013762625973819,0.0323318845857878
250,0.258362496295796,0.0136640058973564,0.0329817766688179
251,0.250177889892778,0.0135795391369993,0.0336358515225611
252,0.183764879240709,0.0134989821047527,0.0342111113040983
253,0.239881730503797,0.0134086949731861,0.0346845988099948
254,0.214347234573289,0.0133388400115028,0.0351102926255262
255,0.224019068027865,0.0132556394386058,0.0354439089378571
256,0.239157064773898,0.0132044550410832,0.0357491337623969
257,0.284154333278048,0.0131611042969641,0.0360139265387311
258,0.293990052646938,0.0131213580210631,0.0362240433270888
259,0.315867241654948,0.0130749798290376,0.0363802298990704
260,0.33556725365843,0.0130017135710755,0.0363765755849166
261,0.231529946887429,0.0129394791133678,0.0363151580860878
262,0.202202580619272,0.0128726080879654,0.0362285632844143
263,0.137250133812917,0.0128138713660873,0.036110714167545
264,0.128174775242709,0.012779918226611,0.0360180653425921
265,0.127316565289729,0.0127537880566262,0.0359110009030324
266,0.141716156348416,0.0127343088865477,0.0357941611235843
267,0.105683854612493,0.0127151599197383,0.0356787165300185
268,0.0747086094113252,0.0126944932264134,0.0355781679387731
269,0.045575654704166,0.012662805284758,0.0354803147398576
270,0.0481517112480447,0.0126245664976118,0.035386349817228
271,0.0191440453271763,0.0125818518967934,0.0352766793084455
272,-0.0212341453151833,0.0125501928327805,0.0351846384434235
273,-0.0567772703444795,0.0125278394752479,0.0351096631925915
274,-0.121462301312012,0.0125285573921579,0.0350857626318368
275,-0.0123997421500651,0.0125457055384207,0.0350903283808263
276,0.000343261205263608,0.0125855035314288,0.0351148981100268
277,0.00554693019432391,0.0126446502303399,0.0351522387105296
278,0.0376407408706971,0.0127245998471167,0.0351991285338231
279,-0.0435302785604524,0.0128256313125231,0.0352570411728801
280,0.0433940217251384,0.0129519277068471,0.0353443730605733
281,0.0631793642211691,0.0131074972935232,0.035446723686228
282,0.0595675858012496,0.0132863675178443,0.0355579038911118
283,0.0920157920841787,0.0134877561133334,0.03568217361115
284,0.0671756843198581,0.0137078777134534,0.0358063511400526
285,0.0507738105345747,0.013956655957361,0.0359580565041409
286,0.0455022291471235,0.0142277136651852,0.0361202087288843
287,0.0417429299894468,0.0145243682444381,0.0362951940448045
288,0.0666823052632976,0.0148463577817892,0.0364754634133205
289,0.0918429500369901,0.0151951714255395,0.0366621696180929
290,0.117979427955631,0.0155659338429015,0.0368321444580497
291,0.0844077914967805,0.0159592843748347,0.0369687667197728
292,0.0770447408177981,0.0163712085384435,0.0371179769511918
293,0.102717983500211,0.0167936701010061,0.0372804666380354
294,0.117566395210118,0.0172154318730144,0.0374265926857049
295,0.109602851673672,0.0176468816507813,0.0375657229368942
296,0.120981318634213,0.0181019531875873,0.0377148019372757
297,0.164872718952255,0.0185898901118257,0.0378857992710586
298,0.181780857003507,0.0190916104122162,0.0380636492751144
299,0.224273187055582,0.0196000174385682,0.0382324686424956
300,0.236868112234814,0.0201028901305244,0.0383839563156041
301,0.263462031875061,0.0205959214727828,0.0385151790593273
302,0.262322378363013,0.0210910435430636,0.0386402337128558
303,0.226742167546074,0.0215869608297515,0.0387684044791635
304,0.214051533761369,0.0220861485313296,0.0389080993920303
305,0.219295460293346,0.0225884194335698,0.0390497178963712
306,0.224950574720856,0.0230977462989115,0.0391971020606721
307,0.242407987487629,0.0236123419012952,0.0393473262820851
308,0.226102416079759,0.0241230576746731,0.0394962239098161
309,0.253576612644408,0.0246278004253254,0.0396336113516568
310,0.277374249430051,0.0251245717644757,0.0397658307611067
311,0.293378119330382,0.0255945636571395,0.0398823161622635
312,0.292333584870609,0.0260233479491985,0.0399781695222324
313,0.305788855447305,0.0264076366992645,0.0400620357604363
314,0.316162728296153,0.0267388124574374,0.0401300243930306
315,0.331903838783232,0.0270176594458164,0.0401714535879134
316,0.295529972061288,0.0272388416427752,0.0401566274296906
317,0.263356234367701,0.0274179085526876,0.0400836250605205
318,0.285478066048849,0.0275791592906955,0.0400242974035398
319,0.262219677236256,0.0277170039750629,0.0399539603991572
320,0.265584906161132,0.0278323517537581,0.0398750555348007
321,0.249870032724681,0.0279206782676556,0.0397744301539375
322,0.230562323118804,0.0279876812799583,0.0396644401691275
323,0.203715415996531,0.028041469986771,0.0395505668348456
324,0.234744649450724,0.0280963011737238,0.0394427371456721
325,0.208463180476872,0.0281393322226649,0.0393199367637788
326,0.251210241863598,0.0281669521317528,0.0391862317715301
327,0.2536240005709,0.028174062597296,0.0390258654341162
328,0.255246982248971,0.0281663990276017,0.0388329143166887
329,0.25932957063226,0.0281355767127503,0.0386053392865645
330,0.265327210000276,0.0280747488636603,0.0383480716031906
331,0.248179773090937,0.0279963775508582,0.0380682889359568
332,0.256783786801776,0.0279087272539112,0.0377739085153545
333,0.206016731100736,0.0278095512790692,0.0374644178009536
334,0.183837118469924,0.0277213863449184,0.0371593254645179
335,0.206707808076338,0.027643141350448,0.0368596376262771
336,0.215556150440019,0.0275694222510727,0.0365547363713842
337,0.217824204352813,0.0275052004586523,0.0362491748377575
338,0.232801093164513,0.0274494293383471,0.0359445178003084
339,0.272464670830444,0.0273973085568625,0.0356339797692968
340,0.31272453266298,0.0273272348002721,0.0352986775183812
341,0.333262435858767,0.027218735425848,0.0349243026247317
342,0.341757643009414,0.0270843452526776,0.0345278988123288
343,0.369735085511751,0.0269164204559276,0.0341074857466937
344,0.378635158395599,0.0266926407556748,0.0336365037491565
345,0.343319819208716,0.0264230051596743,0.0331246410645959
346,0.364208901191513,0.0261331105434498,0.0325983209448148
347,0.378163286939943,0.0258102985807638,0.0320474637961469
348,0.348839399039053,0.0254672944312246,0.0314897684972078
349,0.331353559378587,0.0251242725367701,0.0309278123127735
350,0.342053314695402,0.0247671243584204,0.0303727965726958
351,0.36451532034701,0.0243762408406694,0.0298154029816802
352,0.356482561977215,0.0239689243367389,0.0292393338529559
353,0.355796751931797,0.0235574955952718,0.0286524818278633
354,0.309189706266986,0.0231432418409164,0.0280612629987789
355,0.293428419355388,0.0227604785558609,0.0274938509726148
356,0.276254185554397,0.0224132260701135,0.0269473655661423
357,0.283646767747359,0.022096112965128,0.0264176510262046
358,0.309572454512774,0.0218031324131398,0.0259014057049365
359,0.266603300496724,0.0215213681521841,0.0253871759859818
360,0.283526098634298,0.0212760350687154,0.0248989572246449
361,0.284932150097441,0.0210567001047654,0.0244225255788109
362,0.247380710011264,0.0208690396785929,0.0239670222225066
363,0.242772186844462,0.0207187521044432,0.0235419165803804
364,0.241733235322214,0.0206028961999843,0.0231391979570258
365,0.249945467305984,0.0205128885567377,0.0227542672322443
366,0.226367498820693,0.0204460190703997,0.0223892693873831
367,0.27394640612009,0.020403012313771,0.022043255836509
368,0.288398332678198,0.0203687969531911,0.0217029131218444
369,0.295585307369771,0.0203374982937302,0.021366495775216
370,0.275914349163492,0.0203128080549172,0.0210449038612262
371,0.288079165828161,0.0203064442266679,0.0207494305825467
372,0.239742907291088,0.0203063616642841,0.0204623327727016
373,0.196117452711837,0.0203238269479477,0.0202055926345866
374,0.210805191407851,0.02037173751875,0.0199874890387031
375,0.211651990209965,0.0204375912635135,0.0197905994730036
376,0.19107557784248,0.0205118165657801,0.0196058693798899
377,0.170591616411132,0.0205944671916734,0.0194416853237495
378,0.137311159393152,0.0206947600998698,0.0193050452675878
379,0.148115125711878,0.0207952752532275,0.019184017507028
380,0.194007230742833,0.0208864878177626,0.0190749910755166
381,0.202963972339457,0.0209846312571653,0.0189781134563781
382,0.233740936209246,0.0210922770386954,0.0188837481699421
383,0.255152028381219,0.0212001840791412,0.0187880714776313
384,0.246127210826184,0.0213093677677503,0.0186938783361324
385,0.254163477540145,0.0214203105567906,0.0186060010829399
386,0.245838813363047,0.021535407969159,0.0185270960077524
387,0.286934296717241,0.0216511288021088,0.0184548637987042
388,0.275201391592444,0.0217690805573026,0.0183877374309956
389,0.270676701394748,0.0218877046402522,0.0183223656606016
390,0.295832326003836,0.0220045042733604,0.0182564289667001
391,0.310897545808795,0.022120048272501,0.0181931851899906
392,0.305234806951814,0.0222358302944183,0.0181290627760468
393,0.326020791314338,0.0223546510340737,0.0180666671081525
394,0.333900177375439,0.0224760891295115,0.0180077773333275
395,0.309266717152213,0.0225921823439785,0.0179466251941931
396,0.341432641165172,0.0227146363570594,0.0178945679352282
397,0.326549034898339,0.0228305270979038,0.0178392102778339
398,0.346323741577897,0.0229557719167633,0.0177998141482317
399,0.344524681444374,0.0230833727126971,0.01776249731813
400,0.370109980617864,0.023221562219147,0.0177371030811774
401,0.357771583492555,0.0233600667756407,0.0177146370167512
402,0.374988898035919,0.0235077607021995,0.0177033402721058
403,0.352558273410597,0.0236600861356639,0.0176970605908741
404,0.379297120797076,0.0238205404005049,0.0176983025718356
405,0.376068856713604,0.0239876072122172,0.0177044649191358
406,0.407587516936381,0.0241708785300923,0.0177217812616025
407,0.384001380233088,0.0243112312832471,0.0177302638692185
408,0.384309291751843,0.0244153628473186,0.0177403786026222
409,0.36440125269591,0.0244932455672558,0.0177569313438637
410,0.379324286395306,0.0245567484078956,0.0177786210120126
411,0.366758413114766,0.0245967452892558,0.0178029587384847
412,0.375068767839992,0.0246301858432775,0.0178392310321524
413,0.391706306492331,0.0246618598706474,0.0178897945767768
414,0.399586476341689,0.024684980343207,0.0179472303616475
415,0.357739016004822,0.0246448240877662,0.0180013315698773
416,0.357115160053713,0.0246133121306033,0.0180811902823223
417,0.353632523848087,0.0245954603723312,0.0181960304090933
418,0.379028840504046,0.024596887269615,0.0183467828045357
419,0.354664552376144,0.024594217558712,0.0185192258927671
420,0.303837630679421,0.0246096663992816,0.0186799365161977
421,0.276484083787049,0.0246405531539172,0.0188406698398316
422,0.231135476769145,0.0246998216924881,0.0190208135932764
423,0.232351460598184,0.0247982557979869,0.0192307963784889
424,0.285833481137527,0.0249212366797903,0.0194586107352238
425,0.253427713553289,0.0250305403733269,0.019678451414535
426,0.209703824221658,0.0251423481580156,0.0199021876118174
427,0.224874638092466,0.0252802616656831,0.0201413077680687
428,0.124926629297504,0.0254375658775426,0.0203918660436023
429,0.0968008815856438,0.0256457048133503,0.0206798613301494
430,0.133848303029589,0.0258962643349605,0.0210011219841895
431,0.17787039512673,0.0261721431326491,0.0213622453601763
432,0.151696918398527,0.0264467629110781,0.0217280999145322
433,0.177293532315724,0.0267362603586153,0.0221079218508499
434,0.166573328879591,0.0270295327722577,0.0224963538551997
435,0.109097395295731,0.0273261734037913,0.0228839161873255
436,0.113832131238003,0.0276529617358247,0.0232881455032926
437,0.102190176339223,0.0280009043241971,0.023701855593684
438,0.117871745082326,0.0283762919191561,0.0241351369251933
439,0.153464405057614,0.0287549869495587,0.0245661007066916
440,0.158583260424719,0.0291207546388582,0.0249878449166384
441,0.141224895022291,0.0294387557179667,0.0253848471289333
442,0.160083884929308,0.0297527117037487,0.0257731796649431
443,0.183203360240947,0.0300485799831293,0.0261368485698857
444,0.187402856927402,0.0303216817472398,0.0264761584063467
445,0.186632501882925,0.0305777207525282,0.0267916940122342
446,0.202930329020059,0.030799452675298,0.0270574062811443
447,0.211500980089324,0.0309866890297761,0.0272689268175975
448,0.221649216044894,0.031140732627362,0.0274395916666402
449,0.249159663144899,0.0312786035603466,0.0275927522014272
450,0.255978156187054,0.031397755162339,0.0277354419277674
451,0.274423714209451,0.0315236165820126,0.0278791519662204
452,0.271125071885827,0.0316187948368272,0.0280109148849272
453,0.256788040985188,0.0317150051450437,0.0281447029782582
454,0.255594553705476,0.0318236473065836,0.0282856861144361
455,0.241256670371515,0.0319422359561245,0.0284316860828356
456,0.20697656978321,0.032082277786968,0.0286020287854419
457,0.215447441825659,0.0322654769591949,0.028825161350606
458,0.202074610764501,0.0324597221817341,0.029060782331256
459,0.20306791524416,0.0326963405179142,0.0293382477429287
460,0.196173082441223,0.0329624614172299,0.0296375701669708
461,0.167205577160972,0.033241594638475,0.0299422726757193
462,0.0757278316825975,0.0335511065903853,0.030271793798033
463,0.071111917983467,0.0339123746524827,0.0306396974948328
464,0.103645098817132,0.0342642496468656,0.0310023245094761
465,0.114364085295874,0.0345502075108344,0.0313043105993318
466,0.0933885415892355,0.034766068839948,0.0315369474003736
467,0.132378875854581,0.0349203563775908,0.0317062958946995
468,0.150417867015357,0.0349973570757422,0.0318003213901544
469,0.169223492300727,0.0350027845985204,0.0318296039321159
470,0.186790393470907,0.0349494909224038,0.0318065978544029
471,0.170944666424985,0.0348463359329645,0.031737526706581
472,0.18349047150503,0.0347309246182302,0.0316593254728918
473,0.17468430012747,0.0346083308543646,0.0315684043104277
474,0.225081871874693,0.0344479582348399,0.0314309576234323
475,0.220730726071199,0.034219986413958,0.0312172255603712
476,0.22375560613099,0.0339698695388071,0.030970635775261
477,0.232335606471763,0.0337083787092634,0.0307072573705669
478,0.267383683574687,0.0334243740245088,0.0304186800296292
479,0.274404778946837,0.0331107613560125,0.0300980410529764
480,0.280932694927032,0.0327895009101105,0.0297698203311345
481,0.256976672518212,0.0324524058522483,0.0294304588409029
482,0.235724825286614,0.032141498665297,0.0291192865121761
483,0.269356650874561,0.0318346013631791,0.0288125616940878
484,0.320316209796034,0.0315235282798772,0.0285013965027109
485,0.329817676185604,0.0312002014732124,0.0281816670176755
486,0.326620370569099,0.0308821573652874,0.0278706499302202
487,0.338397969192461,0.0305596306076949,0.027563884330899
488,0.324775063070472,0.0302540494547348,0.0272739612899966
489,0.314924834333152,0.029942533199921,0.0269845159804427
490,0.302444084272479,0.0296419831576808,0.026709396449908
491,0.294255149227229,0.0293571669841186,0.026453902551762
492,0.289381935282406,0.0290866581076334,0.0262148919942508
493,0.301197521343197,0.0288076556433134,0.0259738695347274
494,0.284994547158432,0.0285265125930273,0.0257360161141142
495,0.278883389172038,0.0282465015202652,0.0255062115964867
496,0.259268933646167,0.0279502080384213,0.0252646442433076
497,0.260030348152567,0.0276584334665764,0.0250300951253627
498,0.265868234978398,0.0273756402208739,0.0248083726044648
499,0.278864064261153,0.0270885389655383,0.0245871227651373
500,0.286109584097389,0.026787161371194,0.0243564887735502
501,0.282415039291405,0.0264718056215404,0.0241202254690986
502,0.267560252553582,0.026155794623737,0.0238864250547806
503,0.241812100091172,0.0258459872326535,0.0236606719119033
504,0.197667968138781,0.0255557983574406,0.0234548561958555
505,0.21868842438622,0.0252898254671549,0.0232745709354459
506,0.205788628054556,0.0250348494451204,0.0231075540482454
507,0.23408184037917,0.0247867988707223,0.0229524359590188
508,0.222401278635994,0.0245383315834136,0.022798659696361
509,0.209573160755793,0.0243000079553321,0.0226587717362726
510,0.207491708088948,0.0240753687003114,0.0225355847210875
511,0.245968683499478,0.0238310437183431,0.0224030974876645
512,0.241721374999689,0.0235713285756016,0.0222572937231156
513,0.271870282497677,0.0232989316511203,0.0221029094363887
514,0.271314169398354,0.0230158028483224,0.0219385300665263
515,0.264400123529064,0.0227160221368005,0.021758569877469
516,0.262685608420637,0.0224219852943433,0.0215832730830011
517,0.273567310609891,0.02213648721147,0.0214134685386311
518,0.291045599719206,0.0218498475834288,0.0212396699851353
519,0.285432268443588,0.0215684731021044,0.0210693819487546
520,0.27949719985864,0.0212965408053548,0.0209082499783506
521,0.260004235216634,0.0210402114561729,0.0207634984704775
522,0.26502783830908,0.0208017660265159,0.0206371053736105
523,0.307843273354953,0.0205766749725796,0.020522163818247
524,0.266567171022177,0.0203443603795897,0.0203980982830193
525,0.275748064012849,0.0201423807789532,0.0203058470604112
526,0.266753417524857,0.0199766667968854,0.0202506259720995
527,0.263003122763,0.0198149211677138,0.0202013343130516
528,0.283211995513483,0.0196422550570159,0.020141828111818
529,0.280248145019896,0.0194614250282308,0.0200738457133354
530,0.292670517792976,0.0192684529247615,0.0199945892424988
531,0.310013089791335,0.0190620751117287,0.0198996573893305
532,0.303527484292959,0.0188517725423749,0.0197983582120591
533,0.316729788644383,0.0186448179667508,0.019697618161939
534,0.31462158373826,0.0184355677556252,0.0195886749026907
535,0.229308261127173,0.0182369274928993,0.0194878400884505
536,0.206775765925626,0.0180725926506252,0.0194252323245706
537,0.215222445244542,0.0179307322309653,0.0193854783030563
538,0.170923646807588,0.0177907146772703,0.0193451047678621
539,0.0849407051434623,0.0176720017933844,0.0193294313143168
540,0.100522490114266,0.0175869693376656,0.0191776565348406
541,0.0820629288891552,0.0175107399418681,0.0189880171129673
542,0.092425119816055,0.0174358423756889,0.0188826139408381
543,0.0169476759905527,0.0173561603439937,0.018852035695368
544,0.00875696268245118,0.0172823746491759,0.0188615896959765
545,0.0628406955092534,0.0170470427761131,0.0188228664954227
546,0.140516800395895,0.0167739081223477,0.0187826758680383
547,0.109501890884077,0.0165308572035547,0.0187542305444617
548,0.0818903469331505,0.0163138113599952,0.0187534900198911
549,0.0710782376799175,0.0161295287794235,0.0187826212277251
550,0.125167904344164,0.0159761791560037,0.0188328553084588
551,0.173433761389784,0.015846286758769,0.0188884494291241
552,0.148043847787017,0.0157440493999591,0.0189564212021198
553,0.122756820282839,0.0156660516439328,0.0190463642207275
554,0.103897187448033,0.0156190387774138,0.0191678780301239
555,0.0992961215068203,0.0156108177710914,0.0193234260634898
556,0.0752213116758301,0.0156368546011388,0.0195028455616527
557,0.026126327120427,0.0156981181111561,0.0197047835452466
558,-0.101837255461558,0.0158055960523967,0.0199372604765106
559,-0.227495083772079,0.015966913432775,0.0202027495932511
560,-0.305197978967647,0.0161825617120221,0.0204914806211668
561,-0.392112074835218,0.0164370675582103,0.0207852229365283
562,-0.436487329208221,0.016721563491975,0.0210738113774688
563,-0.405878877523535,0.0170272167278177,0.0213572816222001
564,-0.450666653833226,0.0173461261234397,0.0216469705449773
565,-0.395709745422601,0.0176725977035966,0.0219298303557082
566,-0.52127854362079,0.0180040112068258,0.0222218008442685
567,-0.545185020610196,0.0183276972817068,0.0224717627937455
568,-0.819975112150487,0.0186586200468079,0.0227136625502574
569,-0.7265531189226,0.0189950723669526,0.0228647512004657
570,-0.840994020359536,0.0193559053952177,0.0230643614508267
571,-1.11875901256668,0.0196790008018536,0.0232779398159929
572,-1.00362049194584,0.0200119746414849,0.0234540762122552
573,-1.22459944855059,0.0204915056877411,0.0238240137966771
574,-1.26541819348287,0.0211365767969437,0.0243053776133489
575,-1.51008318981401,0.0220339698110358,0.0250324580326462
576,-1.47815168321232,0.0233072854784465,0.0260536325154056
577,-1.45506437440509,0.0242187683639518,0.0268115604152388
578,-1.4583924400346,0.0253260510586334,0.0277407080964882
579,-1.2224615139401,0.0251391457773096,0.0274209994210047
580,-1.11002580428527,0.0245069390304269,0.0270744168701518
581,-1.06711059876591,0.0239853022967568,0.0269137876330446
582,-1.187698227457,0.0235603115660524,0.0269078106755647
583,-1.18652518092682,0.0231223715878577,0.0269432505742186
584,-1.15919411364753,0.0226541587141796,0.0270028829955573
585,-1.24533862128132,0.0222635588020479,0.027166650364701
586,-1.1768994011789,0.0218493501983637,0.0272677014615187
587,-1.21899577601166,0.021538357608781,0.0274167689432064
588,-1.17277432249428,0.021363668556394,0.0276526989096672
589,-1.15046525865826,0.0212428234720256,0.0279348190059123
590,-1.06796184469122,0.0212309852671006,0.0283354685869142
591,-1.04851545948615,0.0213837540947207,0.0289408009925167
592,-1.08026246849089,0.0217119908707401,0.0297842624763409
593,-1.13774797334923,0.0222630305312545,0.0308342755458364
594,-1.20748878516553,0.0229602399310262,0.0318722048340921
595,-1.10350179890228,0.0236684500697072,0.0327312446124942
596,-1.15651295903186,0.0243790836541151,0.0334633144866494
597,-1.18716134965619,0.0252496538549857,0.0344254666790119
598,-1.15564035903667,0.0256301448404656,0.0349863674189398
599,-1.13256902952733,0.0259216621893333,0.0355348767401601
600,-1.13271160420355,0.0264320479214027,0.0363635235216695
601,-1.1060747392733,0.0271305270951714,0.0374535757733522
602,-1.05224092145649,0.0280066588086461,0.0388018184802391
603,-0.939709618530306,0.0290152959691387,0.040370810207429
604,-1.02091445857304,0.0296851767944996,0.0415072240601537
605,-1.11206570842513,0.0302084936126896,0.0424609143900054
606,-1.11337043648486,0.0307948179457616,0.0435575389325189
607,-1.14920151560638,0.0315031559359096,0.0448278607033513
608,-1.12172924259834,0.0323635753301823,0.0463079189603438
609,-1.07195433628928,0.0333755653839019,0.0479855096033842
610,-1.12216660824139,0.0345281235261289,0.0498364127637863
611,-1.1622943838141,0.0358810641721857,0.0519280298894773
612,-1.22418556192136,0.037456261407162,0.0542678140120039
613,-1.2164870960936,0.0392951638818056,0.056889671046261
614,-1.22870265941387,0.0413535997525128,0.0597145782990933
615,-1.14654287354141,0.0436427109187925,0.06278442465559
616,-1.10197901774297,0.0460066372888914,0.0659217223207381
617,-1.11601175871714,0.048000279379902,0.0687687834081395
618,-1.13407368299422,0.0482713777307044,0.0697548622309999
619,-1.05856119450895,0.0485603062222686,0.0705314677689482
620,-1.03676239585615,0.0491576206266814,0.0714094364951208
621,-1.07799436080222,0.05013772075684,0.0724758940037391
622,-1.0958688182242,0.0515240382339464,0.0737611622839872
623,-1.04288363238533,0.0533305916058648,0.0752542764646463
624,-1.01347859267375,0.0555110510263388,0.0769223934615477
625,-0.927342418971901,0.058041083300987,0.0787918668021722
626,-0.854818506679039,0.0608486377730024,0.0808071607333028
627,-0.734691849027591,0.063744274794211,0.0829306218720107
628,-0.621268972152427,0.066800017806561,0.0851322382785886
629,-0.724586197852345,0.0700381097923843,0.0873824259086304
630,-0.828969794577642,0.0735258384407499,0.0897809890777835
631,-1.00870204487077,0.0769792226997913,0.0920932740757073
632,-0.908410685642107,0.0804552424209411,0.0944896602609915
633,-0.928316520309694,0.0839115829420009,0.0968510788859978
634,-0.885785827359808,0.0868780967723837,0.099039449052722
635,-0.927857527988342,0.0890108885480667,0.100450546192456
636,-0.928063716432941,0.0909284328215956,0.101587663864722
637,-0.964056469284072,0.0925650212858744,0.102469166944132
638,-0.964225905450245,0.0939350386833583,0.103132243553081
639,-0.968262214834526,0.0950632914338923,0.103585516192569
640,-1.05632416569057,0.0959507313698424,0.103851372912346
641,-1.02904516291102,0.0966378378365013,0.103958416473303
642,-1.08387664309702,0.0970606512410956,0.103812114408574
643,-1.03446472490133,0.0972190281411074,0.103344337675403
644,-1.04477530179915,0.0971568233531779,0.102621369382498
645,-1.05002214618116,0.0969764980523729,0.101700439368675
646,-1.02998010536873,0.0966809474930203,0.100610162864449
647,-1.082019426839,0.0962873139991191,0.0994121120058648
648,-1.07099537977875,0.0958246790085335,0.0981213153317403
649,-1.14143843245429,0.0953116340083611,0.0967610834600496
650,-1.09641025510082,0.0949846394542563,0.0956996800600391
651,-1.09807716650201,0.0947451979569777,0.0948672667347184
652,-1.07267472159305,0.094570551588311,0.0941899453588938
653,-0.999450334035298,0.0944350005892011,0.0935823728483228
654,-1.03451842791402,0.0943471718386953,0.0930842106537147
655,-1.06653331704703,0.0943784289495783,0.0927238354009721
656,-1.09575565940233,0.0944380536334552,0.0924209729010568
657,-1.0418443762254,0.094444538981091,0.0920692356858074
658,-1.06285208299437,0.0944682656494939,0.0916122272047991
659,-1.05704602394927,0.094521451955308,0.0911438335233422
660,-1.07657012938347,0.0946052709546648,0.090691611588022
661,-1.0668430893439,0.0947342150967116,0.0902978171044805
662,-1.06957197146301,0.0947413702203428,0.0895013189140304
663,-1.06364791680237,0.0947744434736712,0.0887790427062565
664,-1.11876650157873,0.0948057891773789,0.0880477108128684
665,-1.1405951568897,0.0948789508706375,0.0873980286107781
666,-1.08452716052194,0.0949613475664298,0.0867789874543618
667,-1.04876663950274,0.0948626330879769,0.0859734750788687
668,-1.04381428058514,0.0947445921676961,0.085176932856942
669,-1.05533390088497,0.0947053222443256,0.0844898040105426
670,-0.990636009380341,0.0947966347388708,0.0839580416622816
671,-0.98614549036387,0.0950238316266374,0.0835758367949605
672,-0.975547746196805,0.0954138194678417,0.0833897415709184
673,-0.998025573441437,0.0959686415756192,0.0833958948796404
674,-1.0047336822386,0.0967727385812623,0.0836972641225931
675,-1.02774318739231,0.0974745045597281,0.0840002557156289
676,-1.05486783950747,0.0986300505591264,0.0848527482286807
677,-1.06135887939401,0.0999597532538528,0.0859408492303692
678,-1.0794747393691,0.101444193812177,0.0872182017437981
679,-1.10165625742377,0.103139354924797,0.0887365478103926
680,-1.03434958144079,0.105101471205354,0.0905345592754928
681,-1.05827528643995,0.107263015141063,0.0925272302152879
682,-1.07931808564725,0.109691391099563,0.0948073216363262
683,-1.06397872185313,0.11242361773858,0.0974163394656532
684,-1.03101631019373,0.115477873059743,0.100352178300025
685,-1.06174778263022,0.11810592966603,0.102878494133586
686,-1.06702445156725,0.121162635586457,0.105889188637973
687,-1.07340973751869,0.12465364854894,0.109437684517902
688,-1.08911933723124,0.128624307758343,0.113597750086
689,-1.07531118782428,0.132928054601048,0.118127617438289
690,-1.11312852342256,0.13717299265967,0.122598053312217
691,-1.11880619278571,0.141621816567891,0.127198481290712
692,-1.13636025941413,0.146373575314635,0.131980864842758
693,-1.13816243436603,0.15166560850305,0.137213247274254
694,-1.12774475898087,0.157757102977558,0.143193287421321
695,-1.13016771896255,0.164893709058171,0.150151822741263
696,-1.08642827313681,0.171959806751708,0.15733904379385
697,-1.08749989029516,0.178941610365427,0.164352138373856
698,-1.12510026796745,0.185728317897228,0.171011511509745
699,-1.20675178168173,0.192114784774692,0.176209167864098
700,-1.2080940828877,0.198736420379678,0.181440678193321
701,-1.25294723020871,0.204905273452909,0.186491655590666
702,-1.25291646961606,0.210955303991284,0.191705510585176
703,-1.24357102726065,0.216827260780606,0.197009828524206
704,-1.21094779473989,0.222435328085974,0.202361007690295
705,-1.24856666630857,0.227067160880905,0.206854193019995
706,-1.24625882138546,0.230832808650766,0.210873118288458
707,-1.26161990872503,0.233847705369902,0.214032618806153
708,-1.25197676746247,0.236234906636037,0.21642316426821
709,-1.22418376274985,0.238136397828682,0.218530169728108
710,-1.24606341577862,0.239555116454809,0.220315439305169
711,-1.21351873291773,0.240717850690842,0.221943357535863
712,-1.17596575291812,0.241602032747153,0.223374889349297
713,-1.18595498091959,0.24222473958362,0.224569397335947
714,-1.22164803309881,0.242769162399127,0.225655083954495
715,-1.2246161055347,0.243353429522021,0.22677013583061
716,-1.23337948487202,0.243958318413719,0.227862809045261
717,-1.24372499203179,0.244581110772568,0.228958802406957
718,-1.24363432390286,0.245211468617859,0.230074297154782
719,-1.23096131209326,0.245897178603081,0.231204938941509
720,-1.25019346885753,0.246632902195952,0.232314177332753
721,-1.19139728229322,0.245863454808291,0.23192013552087
722,-1.19101448276402,0.244502642809054,0.23077261688843
723,-1.25084016640677,0.243023876510842,0.229346316537802
724,-1.28008225438361,0.241857555421543,0.228088277416607
725,-1.33260067931887,0.240990121238484,0.227015450599428
726,-1.29980502800678,0.240536452758172,0.226221328904299
727,-1.29617521818631,0.240339584279652,0.225479278048589
728,-1.26603661881793,0.240352065982312,0.224794573797645
729,-1.25902735147794,0.240510986474341,0.224144290541898
730,-1.25989104686847,0.240759884672045,0.223403048045967
731,-1.22645658795299,0.240351660851312,0.221659607315427
732,-1.24248051090679,0.240065961692131,0.219912797956453
733,-1.03740639236921,0.240060865057882,0.218348824547176
734,-1.00878800612576,0.240032619870263,0.216710376530105
735,-1.04137278746801,0.240123847538245,0.215040678736335
736,-1.0792067131232,0.240358000817632,0.213135805908789
737,-1.02628954632648,0.241253639556003,0.211611239990001
738,-0.933915095126063,0.242585221011484,0.210306433702488
739,-0.922082944751698,0.244155946356606,0.209024598502233
740,-0.932599378643314,0.245999176594729,0.207892852883395
741,-0.928302067621749,0.248225439812634,0.20703745020028
742,-0.930704690722419,0.250791614506405,0.206436906330333
743,-0.789929553203476,0.253638024663984,0.206037803716974
744,-0.660719653533308,0.256190486952192,0.205268954531806
745,-0.694624406578297,0.258567834252906,0.204300285444365
746,-0.716831599328223,0.26065542505298,0.203021852403051
747,-0.755576421499602,0.262121653000006,0.2011780912733
748,-0.75194614861513,0.263550387452549,0.199305117727226
749,-0.69812583797199,0.265071109203492,0.1975360728973
750,-0.64443055282434,0.266645641676196,0.19582863842794
751,-0.626175708122893,0.268299810172633,0.194184861820159
752,-0.634833638936213,0.270111939160165,0.192714743503532
753,-0.641967618364139,0.271572970456075,0.191345286444534
754,-0.649377160571366,0.272543853183599,0.190154435191635
755,-0.615213567044176,0.273667466219813,0.189084145147876
756,-0.653311622335524,0.274955283942883,0.18814474724677
757,-0.700001635822239,0.276449874587854,0.187389676327156
758,-0.675336960222415,0.278206881268887,0.186868005623914
759,-0.676583729774812,0.280209452744542,0.18652783914575
760,-0.673456888572489,0.282321664172632,0.186208158721862
761,-0.699968539662794,0.284543785741746,0.185948146652037
762,-0.759185527163665,0.286903610371658,0.185779371152723
763,-0.795964599569481,0.289535069352107,0.185823891130304
764,-0.791347723523483,0.292470486720219,0.186119228335419
765,-0.78696805090011,0.295881024171764,0.186827673861808
766,-0.773325042700283,0.299518287960923,0.187711004784661
767,-0.755806657606908,0.303481856341787,0.188882543312473
768,-0.78009190688673,0.307469599670723,0.190264446036486
769,-0.761485580898662,0.311543483364005,0.191858581328962
770,-0.682732756680931,0.315685058893849,0.193562151974555
771,-0.610068852352043,0.319371661049526,0.19493903340949
772,-0.578015817464885,0.323067627175041,0.19632506591517
773,-0.571947244282004,0.326696506355347,0.197681950871104
774,-0.611666777430587,0.330162978875844,0.19905514307578
775,-0.572063526638245,0.333552659332041,0.200515253370039
776,-0.551520254661543,0.336885351552804,0.202031436138832
777,-0.486402334797569,0.339638042529988,0.203037378082548
778,-0.575481805812544,0.341595166731916,0.20284460335747
779,-0.533359580741972,0.343174352785006,0.201759087316317
780,-0.520515838705479,0.344414522326998,0.200678221585364
781,-0.625269509690053,0.345389706349734,0.199601812145968
782,-0.622085362709675,0.346088592406991,0.198510568795362
783,-0.66479572239854,0.346576019390019,0.197315131583883
784,-0.666877556773777,0.347002673483975,0.19618818453526
785,-0.70232853855909,0.347359579955164,0.195133441049144
786,-0.618978286157079,0.347686811543313,0.194202605481872
787,-0.669713031965268,0.348005982495423,0.193170416066878
788,-0.655193032962852,0.348276608135045,0.192033114575984
789,-0.631463153384682,0.34842679971809,0.190900221552165
790,-0.558234406779535,0.348460626389757,0.189766554408336
791,-0.533214428074943,0.348357732824106,0.188598239615173
792,-0.503165821735021,0.348162842782238,0.187350440195418
793,-0.373769359134642,0.347851443044583,0.186081751691179
794,-0.395263743121127,0.347432377011549,0.184597524274872
795,-0.364371353411646,0.346889835464425,0.183024048455655
796,-0.370399006749333,0.346246949973091,0.181414391841706
797,-0.320423213262683,0.345506176189577,0.179754623969881
798,-0.291224703568056,0.344655848692173,0.178092537121343
799,-0.256609836465672,0.343299069498825,0.176331463803405
800,-0.280705671942054,0.3415059456885,0.174496743012655
801,-0.214571273081442,0.339548856013584,0.172604844176772
802,-0.141616836987336,0.337427326043304,0.170675912890639
803,-0.180783341093235,0.335331086492853,0.168804540683352
804,-0.0746292057947591,0.333473379128971,0.167097346281385
805,-0.142635966154796,0.331794467359632,0.165511099539015
806,-0.160093460677348,0.330223303487176,0.164001391682913
807,-0.100385293956744,0.328624143982681,0.162495757073837
808,-0.113628318058551,0.326913776130926,0.160956127402454
809,-0.0641700957491876,0.32515267172955,0.159405748935647
810,-0.0809438525094228,0.323270844593625,0.15782895650979
811,-0.0555651577353342,0.32139758659996,0.156275370926374
812,0.016374234847191,0.319547096043304,0.154756820059463
813,0.0173128393749265,0.317686497505754,0.153251600602923
814,0.0448791450743107,0.315746057124029,0.151735631540578
815,0.0608940071358604,0.313826505059606,0.150241830520579
816,0.0746284011919744,0.311910298406569,0.148769889782986
817,0.081842872969918,0.31002224525383,0.147329990504771
818,0.0638467921235714,0.308098552398264,0.145856356479551
819,0.113675885717235,0.306011317802959,0.144326733754941
820,0.0195849831330744,0.303708112846434,0.142733353269891
821,0.0233785271500626,0.301307312246846,0.141109818756773
822,-0.0451176519560824,0.29868215130066,0.139442790296044
823,-0.115792050602769,0.296023260170601,0.13775724146894
824,-0.114580597201079,0.293296041393858,0.136085660079179
825,-0.0913698040675695,0.290588593546853,0.134467429563945
826,-0.0154294029117113,0.287894879233647,0.132901709591994
827,-0.0152161059194343,0.285123708853988,0.131355502138166
828,0.0105006589417481,0.282298831073519,0.129852925485376
829,-0.0170341052975928,0.279404598892053,0.128388143700114
830,0.0197444675142304,0.276433449691075,0.12695940330038
831,0.148943486667728,0.273405159109948,0.125535400720549
832,0.0903926742418394,0.270278276835186,0.124019003320946
833,0.101844057550649,0.267394838025363,0.122600790119867
834,0.0826276349910729,0.264526741464866,0.121236092415122
835,0.17260119056705,0.261723807411386,0.119956716787171
836,0.271135775355746,0.258918790434328,0.118659767426558
837,0.333527423434164,0.256267609718326,0.117396656552595
838,0.338627615754765,0.2540271911319,0.116306678726315
839,0.391891467482674,0.252137144290457,0.115416974599038
840,0.302978153857383,0.250562936991314,0.114514358164778
841,0.203280129598158,0.249543124263246,0.113548605732456
842,0.199770679910107,0.247524589167126,0.112593153809317
843,0.10665585890249,0.244713770835447,0.11166076801155
844,0.121863183719984,0.24182028501166,0.110718232772736
845,0.227458885273975,0.238685681790975,0.109790981291423
846,0.259568371210221,0.235281175079893,0.108879272634362
847,0.318400744263465,0.231803990335474,0.108071674960773
848,0.306578105771752,0.22831378567655,0.107364624907765
849,0.359507845510154,0.224380091724488,0.106850146704829
850,0.490829887682874,0.219439418370846,0.106534974957762
851,0.470710283508215,0.213596581203246,0.10615842879041
852,0.677477804102537,0.207119404715704,0.105951234771466
853,0.632955755317005,0.199908596633966,0.105780707549136
854,0.74405042974084,0.193188839122088,0.106747403126398
855,0.560283744040938,0.186779911076657,0.108781845928336
856,0.58850888539823,0.181225185007806,0.111880238824011
857,0.381996625380755,0.175479539091599,0.11558225649947
858,0.506645946206134,0.170651247920458,0.119502848247517
859,0.667110350906422,0.165687379454767,0.123692443204922
860,0.602738178908447,0.160808994688598,0.128330297999477
861,0.587571413137894,0.156634301497702,0.132996880382479
862,0.22873359459207,0.153325497682608,0.138045062381565
863,0.353576098376695,0.151345342210063,0.142551221778393
864,0.235651919448593,0.149260962258886,0.146629369190588
865,0.249761891127792,0.147481387222365,0.150087357778561
866,0.326521639707347,0.145760844957667,0.153078983560226
867,0.285038094181275,0.143997347434842,0.155860821204641
868,0.210659438708021,0.142413970421041,0.158431298610343
869,0.354913625356,0.140970041395733,0.160602688040631
870,0.430189462874372,0.139523240186049,0.162639328016913
871,0.414887827066973,0.138311041333139,0.164835126254713
872,0.347156490818009,0.134663237215432,0.159980213365487
873,0.257358864874377,0.130705297006896,0.153730126765325
874,0.288489902669403,0.127607000341801,0.148578321919179
875,0.32352803962395,0.124928944901318,0.143834412470244
876,0.276914316850748,0.122560102548873,0.139180350503593
877,0.256509573290741,0.120753837368982,0.134988122410279
878,0.305955911451983,0.119251975181958,0.131011213584316
879,0.331095585978684,0.117896981090291,0.127034070076463
880,0.264233896359164,0.116794030741243,0.12318689070139
881,0.218277853398147,0.116106195584871,0.119644122891616
882,0.136846188867937,0.115720545071656,0.116228212626481
883,0.0139846907953874,0.115659957566353,0.113032356916325
884,0.0140972317275734,0.115948069124408,0.110594898572768
885,0.0757537689220202,0.116517522729479,0.108376290230704
886,0.11999350094534,0.117325812343007,0.106061781554355
887,0.0536663631023485,0.118408368990214,0.10360927246873
888,0.0415304081936318,0.119659940171831,0.101378637668057
889,0.0618002683129703,0.120880224840482,0.0992637680104609
890,0.0760584923586265,0.122052310163847,0.0971924272421739
891,0.0836973199165168,0.123199982892026,0.095216026695256
892,0.0510845520065696,0.124399316373892,0.0933571062278183
893,0.00277364441039871,0.125634200006123,0.0916008415666652
894,-0.0416132860768578,0.126923869709162,0.0899229720734677
895,0.00695405353492444,0.128316537701563,0.088305954162397
896,-0.0234354596941636,0.129816359963207,0.0866548731486339
897,-0.0757309839363269,0.131457934770659,0.0850327955824007
898,-0.0992313515623663,0.133269635123364,0.0834322172180062
899,-0.140116749371586,0.132749404944498,0.0818497339166013
900,-0.207509120300187,0.130756590429432,0.080294445829848
901,-0.289246721033782,0.128880058479683,0.078762220741583
902,-0.258852079607207,0.12707044189126,0.0772477092214993
903,-0.1435117536664,0.125336227279845,0.0757308982258423
904,-0.155189457850483,0.123623411840231,0.0741648749594421
905,-0.148901114195061,0.121973968369725,0.0725950900424744
906,-0.0592958890547701,0.12035240385513,0.0710261147470675
907,-0.0599501173625037,0.118747264677138,0.0694550076162712
908,-0.0314949076045012,0.11716200993818,0.0678997080295874
909,-0.00783436041996842,0.115594488602213,0.066292765201163
910,-0.0290378922821231,0.114072547550995,0.0646759236172814
911,-0.0359898148935067,0.112571099823655,0.0630795120883053
912,-0.0538733496185863,0.111142393601297,0.0615376233874334
913,0.00261105216889108,0.109712925472306,0.0600078249415168
914,0.0332780040897977,0.10807139899928,0.0585457260086764
915,0.0882992790830121,0.106262967081803,0.0571937771220871
916,0.146711418382804,0.104183919822518,0.0558151779680572
917,0.212643401905575,0.101902377492903,0.0545398818232801
918,0.165469225696559,0.0992943155496445,0.0531197228234357
919,0.235878813104556,0.0966374613573099,0.051784771300415
920,0.234876537369377,0.0937152365248041,0.0505025377813917
921,0.156231616333953,0.0907914138434025,0.0490497393332301
922,0.159664647301606,0.088070422856843,0.0477626396672816
923,0.192131537468321,0.0853798983406688,0.046553271852663
924,0.224799389928068,0.0827051918248,0.0454682424396267
925,0.325255007541405,0.0803544668169581,0.0445686320796229
926,0.285339555239314,0.0784978065634474,0.0441323338076953
927,0.314007402548295,0.0773381242288221,0.043981364492337
928,0.222630418569972,0.0768431954581226,0.0438784720972298
929,0.354314002584063,0.0770884987746417,0.0438129213406421
930,0.25703667515537,0.077847590336472,0.0438013762229647
931,0.288085674481836,0.0788597898269714,0.0436752411062889
932,0.331158278427626,0.080141961848178,0.0434943980754836
933,0.375167950306785,0.0816549837480786,0.0432899098797652
934,0.379550066539448,0.0831071845032079,0.0430799275873649
935,0.229085904216647,0.0847335364641991,0.0430083151910068
936,0.200392392067958,0.0866293547580361,0.0430300694021527
937,0.216982979867733,0.0884508849904353,0.0430511930030485
938,0.143445599855393,0.0902701641202842,0.0431443472956848
939,0.182362376139206,0.0920505394628732,0.0432207868803726
940,0.17955835710952,0.0944490856683293,0.0433016258675523
941,0.249851760122707,0.0970442227893582,0.0435702326768862
942,0.230951201362456,0.0999328988196955,0.0432868122965698
943,0.195866592862082,0.102190870640595,0.0427727016222536
944,0.0628901442016872,0.103804798453563,0.0423735970970248
945,0.0350140715129863,0.105414016164788,0.0419891152099868
946,0.183039431876885,0.106868269544418,0.0415403696858411
947,0.245547026932928,0.108321353761189,0.0411418130330558
948,0.22275208499688,0.109955878784061,0.0408803945955868
949,0.247146472585294,0.111707009496772,0.0404115291642947
950,0.220021004742111,0.113473771220814,0.0397374362677855
951,0.228949451358618,0.115145360473964,0.0390936574445982
952,0.227090670285794,0.116772844877329,0.0384407895673887
953,0.384027296683969,0.118440633871742,0.037741801202184
954,0.403552412116805,0.120217816625916,0.0370306988984992
955,0.444660995812191,0.122160664102765,0.036370666911305
956,0.427424122457036,0.124422238417796,0.03581118620001
957,0.415718821510053,0.127224398520687,0.0354552738344714
958,0.439729618105361,0.130547953438918,0.0352521108468677
959,0.426263533189574,0.134274363614186,0.0351283982056215
960,0.428872236322597,0.138357195001631,0.0350923889141286
961,0.451749454292274,0.142838004610272,0.0351495165028053
962,0.498151339559734,0.147673485672225,0.0352195311543149
963,0.478087250353207,0.152985902912385,0.035348428066775
964,0.498572885927707,0.158692298870847,0.0355702550697298
965,0.54998973090133,0.164750370802921,0.0358746278885862
966,0.492158905464262,0.168186126108539,0.0361928501978399
967,0.481285992680377,0.171301488425664,0.036428518844752
968,0.531070618399018,0.174651176735935,0.0366521917892279
969,0.521449808686802,0.178051204548445,0.0368952534141756
970,0.41491265380607,0.181844922938086,0.0372393630669525
971,0.49790600101321,0.185955170036024,0.037679775173864
972,0.502959776493325,0.189777495555081,0.0380881037377349
973,0.515501899550472,0.193863952567204,0.0386017829049958
974,0.531472200078345,0.198352996376933,0.0392310395881948
975,0.557132905352874,0.203004647265152,0.0398910375345815
976,0.541670649034508,0.208089080790551,0.0406321487099657
977,0.605616822763837,0.213568623497889,0.041455548132991
978,0.710181394592244,0.219474656615149,0.0423456732426441
979,0.714281657830327,0.224420933357074,0.0428090893505762
980,0.604012687357781,0.229288236453966,0.0431436557166164
981,0.604054033355807,0.234769930800593,0.0437009477764038
982,0.560602803606299,0.240347905723121,0.0443693459533453
983,0.565153913543673,0.246137471121864,0.04522055246188
984,0.476429405168626,0.252130647113563,0.0462494470932559
985,0.462731094571814,0.258446581543733,0.04750887826588
986,0.385219634630186,0.264372871131976,0.0487625326606863
987,0.370117540782404,0.270271561543795,0.0501404109071477
988,0.343851291955398,0.275513992186553,0.0514129879227255
989,0.399313338248139,0.280742661700516,0.0528103601674077
990,0.387143744134863,0.285419282730438,0.0541773263386144
991,0.197151804777953,0.290083158122081,0.0556971823986719
992,0.27284954941302,0.294918967677461,0.0565311274711886
993,0.244892438184924,0.298788657269162,0.0565594239365014
994,0.191090685179547,0.302429582688668,0.0566981143027181
995,0.282247612721034,0.305910368684173,0.0569754983236942
996,0.202168740167133,0.309198490792674,0.0573242028323429
997,0.216017844903109,0.312766472818411,0.0579510801094553
998,0.221592595155597,0.316321947098695,0.0587063163263819
999,0.256978528125471,0.319546136234798,0.0594574344895852
1000,0.190683253939112,0.322385058117992,0.0601597457760631
1001,0.158670039820738,0.325362976184065,0.0610313835118361
1002,0.0804459645364361,0.328249325696739,0.0619474013658175
1003,0.0875435574429205,0.330945813612009,0.0628486285103946
1004,0.123061585592651,0.333170686211284,0.0636232993884866
1005,0.0893585000838791,0.334930171224729,0.0642625606220923
1006,0.052051058242196,0.336688642595301,0.0649621034659536
1007,0.0629711678318225,0.338442844547006,0.0657206824286355
1008,0.164176647560138,0.33989176353996,0.0664169379244454
1009,0.189041994636147,0.340989795914103,0.0669842895780566
1010,0.239802677541963,0.342159447340529,0.0675837553076688
1011,0.14348016169782,0.343215736095261,0.0681361357065494
1012,0.149611844735182,0.345077229909404,0.0690278684338736
1013,0.134762041917487,0.346767566403736,0.069877832121398
1014,0.254867987432017,0.348443443710222,0.0707530644158089
1015,0.199727238142427,0.349944422950931,0.071557615945305
1016,0.222540935918571,0.351733788420232,0.0724861448883109
1017,0.238888167452917,0.353440809299,0.0733812247138332
1018,0.196914236733731,0.355252961896657,0.0743212725394977
1019,0.281000663078472,0.357086571288772,0.0752849189302418
1020,0.314508709037046,0.358615175366055,0.0761301475809156
1021,0.307923693850246,0.360039853107757,0.0769344995923551
1022,0.341539889103928,0.361689096899406,0.0778408311261728
1023,0.338096520320066,0.363273555806364,0.0787364514899197
1024,0.290383623800315,0.365134058661743,0.0797482638291278
1025,0.239447067494765,0.367139751484461,0.0808604800347495
1026,0.115729488273928,0.369104813736234,0.0819791973079507
1027,0.0867050927254447,0.37119150672963,0.0831618894576213
1028,0.156903651586744,0.372982769343381,0.0842519528318328
1029,0.16863151461614,0.374394029662577,0.0852112488722628
1030,0.175071305230983,0.375636897514567,0.0861106255497336
1031,0.163852387928362,0.376778809941684,0.0869769623325896
1032,0.20521663252043,0.3777946619795,0.0877996301766547
1033,0.291623473074639,0.378691716582518,0.0885833956480044
1034,0.26931168924643,0.379510066319998,0.0893363589322314
1035,0.253492303547522,0.380557626674495,0.0901884846154369
1036,0.338188470239371,0.381638641953816,0.0910601652221448
1037,0.449331457852335,0.382455482946914,0.0918565879753582
1038,0.457697530092546,0.383040947828881,0.0925976321384566
1039,0.493370726695283,0.383960411118047,0.0934750620469681
1040,0.457204039332466,0.385118363338256,0.094451330344665
1041,0.414706360630975,0.386727501903643,0.0955939368347913
1042,0.383370774846891,0.388617898908643,0.0968599773957594
1043,0.446492853106477,0.390427523399324,0.0981036041202507
1044,0.441507420963521,0.391546488433357,0.0992239969276329
1045,0.358128339400974,0.39254717097695,0.100376383573412
1046,0.332554902998642,0.393900247719554,0.101670933613259
1047,0.258248686863667,0.395206212119977,0.102941976704855
1048,0.227095289801563,0.396645903291612,0.104254839142043
1049,0.192237419450591,0.39797012421103,0.105508447948467
1050,0.311664998345121,0.399131274764651,0.106687208323934
1051,0.328691585495944,0.399707718745127,0.107740143137463
1052,0.315953133116698,0.399739880786698,0.108681431547163
1053,0.371661275502973,0.399643408807081,0.109632139195076
1054,0.300503116074692,0.399727064151981,0.110706246950498
1055,0.226549648561544,0.399955820665767,0.11185253374383
1056,0.173970327831479,0.400439445041239,0.11309476259822
1057,0.23543870473357,0.400998672676613,0.114368301094948
1058,0.255664815442288,0.40142711326797,0.115639338956318
1059,0.25915220362603,0.401599973140123,0.11683663859777
1060,0.240393288032725,0.401908021029175,0.118091234928474
1061,0.204242373624599,0.402167641649711,0.119324117804018
1062,0.197990172320383,0.402475830083008,0.120563786216725
1063,0.265926829539918,0.402863754666748,0.121805625554285
1064,0.315028510668544,0.402974620652945,0.122937947176699
1065,0.342264050300182,0.40302248505913,0.124056504163963
1066,0.384056658989489,0.402970230997055,0.125150021053817
1067,0.412227350312829,0.402893130470169,0.126254788357562
1068,0.4585789102398,0.402804781192128,0.12739340256177
1069,0.490968849657314,0.402653708369821,0.12856029047178
1070,0.523769758688424,0.402548581023543,0.129830979912114
1071,0.526835336325069,0.402678359900394,0.131282482383929
1072,0.54042487986603,0.402539378454891,0.132696457622489
1073,0.556402368489211,0.40251552843123,0.134198206544136
1074,0.505044178621026,0.402289466056899,0.135835436261379
1075,0.537531498980357,0.402387950558213,0.137648468209345
1076,0.549171341889378,0.402298032959216,0.139470847963361
1077,0.519265018539473,0.402111832568876,0.14132527698806
1078,0.439824636977694,0.401989958315057,0.143271071127956
1079,0.465889887793064,0.402516488676329,0.145444061959211
1080,0.469917018934971,0.402795551582426,0.14756487350426
1081,0.387051528561315,0.402552220940509,0.1498005010306
1082,0.436856091877816,0.402272360860274,0.152161375267979
1083,0.517907038784562,0.401611621485133,0.1544371876012
1084,0.524797258264927,0.400822778197504,0.156755530902596
1085,0.566598301918451,0.400111836997993,0.159125015473095
1086,0.567773818135674,0.399245186764577,0.161487267824155
1087,0.53072716074937,0.398454159797419,0.163909468817714
1088,0.472563953696599,0.397898261559648,0.166346311329801
1089,0.426784601813665,0.397313724263645,0.168690595757215
1090,0.328151396480647,0.396540731644739,0.170915653291875
1091,0.376579297321211,0.396080576770246,0.173124476687609
1092,0.449416937725742,0.395426959674566,0.175243139506009
1093,0.364233288559116,0.394691032903922,0.17736844774263
1094,0.370646377718637,0.394177879865703,0.179483389896978
1095,0.432159672636571,0.393620126623502,0.181567635722841
1096,0.53843906434196,0.393208674822159,0.183725908824203
1097,0.441322062166337,0.392476583834264,0.185878566077111
1098,0.463061474319685,0.392186102055962,0.188172536506353
1099,0.179330001676852,0.391889372424184,0.190505559397243
1100,0.220183890221344,0.392352049790632,0.192833111698105
1101,0.16421767869472,0.39255514049454,0.194984106094791
1102,0.120235196344034,0.39303858503742,0.197072083334969
1103,0.213864450416194,0.393513508722175,0.198998817841389
1104,0.262937743815221,0.39383421417689,0.200837963814293
1105,0.33699925467909,0.394147178689617,0.202654606867179
1106,0.245813925674821,0.394497755274111,0.204522259955359
1107,0.263078804605423,0.395060697526937,0.206361940266208
1108,0.249595894457707,0.395486757809792,0.208127895635599
1109,0.230404768322336,0.395950436939517,0.209860696964695
1110,0.273961279629063,0.396480545286197,0.21162142643459
1111,0.304686273923659,0.397169768679465,0.213487337946187
1112,0.331780492243564,0.398069657189827,0.215481139281312
1113,0.346502630427043,0.399091901967905,0.21757039659568
1114,0.316015226118784,0.39985435973112,0.219592790129671
1115,0.326080656403586,0.400794988418287,0.221703353032888
1116,0.313102053826311,0.401743304122352,0.22386205531863
1117,0.335770162110035,0.402769665197703,0.226063464276638
1118,0.41050296510843,0.403758958169408,0.228312207752992
1119,0.385779993300004,0.404900039399822,0.230762177860644
1120,0.31587443646283,0.406152810963157,0.233319636017361
1121,0.233413590832418,0.407421921869842,0.235871035678537
1122,0.012600506697978,0.408753283959599,0.238372089052484
1123,-0.0083405251725574,0.410485453687826,0.240779713618094
1124,-0.00361127311237808,0.411990605366646,0.24291409424025
1125,-0.169861173672592,0.413342900383424,0.244870879914431
1126,-0.243915669099568,0.414953646177427,0.246709020299441
1127,-0.150111337586929,0.416537901387983,0.248381707577906
1128,-0.233250530666616,0.417795865836299,0.249756209963048
1129,-0.290179036660799,0.419223421271384,0.251073211802201
1130,-0.207475934412847,0.420202378243186,0.252304481268755
1131,-0.193578772197666,0.420292633289862,0.253335389219274
1132,-0.169919456699004,0.420427476335981,0.254281367874297
1133,-0.227993734906172,0.420556061762955,0.255167733007687
1134,-0.276137760115696,0.420918914052114,0.256062786832986
1135,-0.308542414461688,0.421492825920318,0.256929919290561
1136,-0.325998662440843,0.422234681620313,0.257814424541933
1137,-0.265857841735992,0.423070015369464,0.258678978180126
1138,-0.269852353887285,0.423658932023039,0.25941702926433
1139,-0.32889872649275,0.424259787803518,0.260145615194157
1140,-0.330902846098212,0.425123403227708,0.260911930363904
1141,-0.33350217797872,0.426021074974838,0.261656570823098
1142,-0.359573595414587,0.426932687548748,0.262381598713139
1143,-0.317992004723918,0.427987028388897,0.263159625737843
1144,-0.237664185271127,0.428886243931832,0.26385217496379
1145,-0.160347685371695,0.429395239891702,0.264436801328932
1146,-0.147731367652672,0.429545973616084,0.26498773680361
1147,-0.193329611449213,0.429594916966343,0.265619919901453
1148,-0.224143111032128,0.429756561257041,0.266366828133464
1149,-0.192097031956294,0.43007304946843,0.267194103091242
1150,-0.214982303679845,0.43030451163919,0.267991512398603
1151,-0.137578494089209,0.430632439324127,0.26883825687851
1152,-0.115472399991392,0.430594235736117,0.269606640239409
1153,-0.0254006776042013,0.43038265699193,0.270416663519
1154,-0.0692500652712334,0.429702498646363,0.271224482975731
1155,-0.0842627964975809,0.429231868937533,0.272265988048892
1156,-0.121988445609237,0.428872274521737,0.273428367485147
1157,-0.0851500513063055,0.428669819607806,0.274661237951008
1158,-0.0583330228917607,0.428284666131315,0.275817544474912
1159,-0.0571124250459197,0.427803114309526,0.276977568830116
1160,-0.0134553370638944,0.427339277303682,0.278191696587284
1161,0.0297019515551585,0.42669114698102,0.279404493276177
1162,0.0616327515226957,0.425870683911372,0.280662606490182
1163,0.0362691901470197,0.424921328304828,0.282016420534769
1164,0.0402143021272372,0.424075075333494,0.283530244663192
1165,0.0282429199121118,0.423212189619533,0.285108705632119
1166,0.0547732177203168,0.422413569063852,0.285891812199742
1167,-0.0209414644405624,0.421592951083829,0.285772882111019
1168,-0.0354929499610135,0.421174283444445,0.285965669023621
1169,0.0364746463505375,0.420823435975965,0.286192096977128
1170,0.0491241312185249,0.420311875526466,0.286345433843829
1171,0.0839424774907987,0.419801189309787,0.286546942519267
1172,0.0272436020940112,0.419227139932691,0.286781092419456
1173,0.0448812648666017,0.418944926618161,0.287194003465908
1174,-0.0156687137275309,0.41862754605193,0.287569842830458
1175,-0.0510339971617918,0.418559005078003,0.28805243651255
1176,-0.0731839017222129,0.418611283856806,0.288519963603068
1177,-0.0428122430769219,0.418767532876332,0.288962432808392
1178,-0.058988391246199,0.418882570795225,0.289309743689382
1179,-0.0465596651173207,0.419120398011577,0.289686207860638
1180,-0.0351642019957398,0.41932604515392,0.290025264040003
1181,0.0432577043492025,0.41952411200894,0.290324043573495
1182,0.078262778418372,0.418052885576344,0.290471845615938
1183,-0.00219848170181926,0.416641795408827,0.290628321720905
1184,0.0617089486939466,0.4154173631111,0.290819001032485
1185,0.0171660885031488,0.414024583656951,0.290846288547212
1186,-0.0325100972405565,0.41279249060686,0.291004862403356
1187,-0.0175416331677026,0.411556889932079,0.291161197422889
1188,-0.0270032818248355,0.410271963549725,0.291326230280709
1189,-0.0799266946031275,0.409058450539394,0.291520838929578
1190,-0.07789352882688,0.407914357411134,0.291743045482491
1191,-0.215526117931021,0.406681052025287,0.291815666721169
1192,-0.269993303658449,0.406343384164446,0.292436375009379
1193,-0.253455602062385,0.406295305618152,0.293488599220485
1194,-0.180881342291436,0.406415607277842,0.294883578340515
1195,-0.193728878463793,0.406742421688767,0.296718905982058
1196,-0.217422640517228,0.407501277106735,0.299230783413385
1197,-0.125533771084545,0.408737250393502,0.30248050982024
1198,-0.00764156912121876,0.41034909168847,0.306522470676649
1199,0.0103795866702465,0.41281874345682,0.311196194540739
1200,0.020907303866971,0.416413390370133,0.316722943152151
1201,-0.000511162456545992,0.421121666009756,0.323826068146752
1202,-0.0731029155492296,0.426683852538173,0.332132042954203
1203,-0.0577872523397625,0.432584192193524,0.340826741644077
1204,0.0343621236300463,0.438345284442954,0.349328406825894
1205,-0.0175077076701846,0.444127396548619,0.357933024718535
